CustomerID,CustomerName,Segment,Region,State,City
DP-13000,Darren Powers,Consumer,Central,Texas,Houston
PO-19195,Phillina Ober,Home Office,Central,Illinois,Naperville
MB-18085,Mick Brown,Consumer,East,Pennsylvania,Philadelphia
ME-17320,Maria Etezadi,Home Office,South,Kentucky,Henderson
JO-15145,Jack O'Briant,Corporate,South,Georgia,Athens
LS-17230,Lycoris Saunders,Consumer,West,California,Los Angeles
VS-21820,Vivek Sundaresam,Consumer,Central,Texas,Huntsville
MS-17830,Melanie Seite,Consumer,Central,Texas,Laredo
AJ-10780,Anthony Jacobs,Corporate,South,Virginia,Springfield
SV-20365,Seth Vernon,Consumer,East,Delaware,Dover
CS-12250,Chris Selesnick,Corporate,South,Louisiana,Bossier City
BD-11605,Brian Dahlen,Consumer,West,California,San Francisco
MM-17920,Michael Moore,Consumer,East,Ohio,Newark
ND-18370,Natalie DeCherney,Consumer,South,South Carolina,Mount Pleasant
BS-11590,Brendan Sweed,Corporate,East,Pennsylvania,Philadelphia
EH-13990,Erica Hackney,Consumer,South,Georgia,Roswell
DL-13315,Delfina Latchford,Consumer,East,Pennsylvania,Philadelphia
DW-13195,David Wiener,Corporate,West,Oregon,Springfield
TS-21340,Toby Swindell,Consumer,West,Arizona,Scottsdale
XP-21865,Xylona Preis,Consumer,Central,Michigan,Westland
MV-17485,Mark Van Huff,Consumer,West,California,Los Angeles
MM-18280,Muhammed MacIntyre,Corporate,South,Tennessee,Smyrna
HL-15040,Hunter Lopez,Consumer,South,Arkansas,Jonesboro
TB-21400,Tom Boeckenhauer,Consumer,South,Florida,Miami
SG-20605,Speros Goranitis,Consumer,Central,Indiana,Lafayette
IM-15055,Ionia McGrath,Consumer,West,Nevada,Las Vegas
SD-20485,Shirley Daniels,Home Office,South,Virginia,Alexandria
CA-11965,Carol Adams,Corporate,Central,South Dakota,Rapid City
EJ-13720,Ed Jacobs,Consumer,West,California,San Diego
JC-15340,Jasper Cacioppo,Consumer,East,New York,New York City
MV-18190,Mike Vittorini,Consumer,Central,Michigan,Detroit
LC-17050,Liz Carlisle,Consumer,West,California,Mission Viejo
BD-11500,Bradley Drucker,Consumer,Central,Wisconsin,Green Bay
EB-13930,Eric Barreto,Consumer,South,Florida,Saint Petersburg
CD-12790,Cynthia Delaney,Home Office,West,California,San Diego
DB-13270,Deborah Brumfield,Home Office,West,California,San Diego
MH-17440,Mark Haberlin,Corporate,West,California,Escondido
ND-18460,Neil Ducich,Corporate,South,Virginia,Chesapeake
CK-12760,Cyma Kinney,Corporate,East,New Jersey,Linden
NM-18445,Nathan Mautz,Home Office,West,Nevada,North Las Vegas
GA-14725,Guy Armstrong,Consumer,Central,Missouri,Columbia
NF-18385,Natalie Fritzler,Consumer,South,Virginia,Chesapeake
SC-20095,Sanjit Chand,Consumer,West,California,Concord
ML-17395,Marina Lichtenstein,Corporate,West,Washington,Seattle
ST-20530,Shui Tom,Consumer,Central,Texas,Houston
BF-11020,Barry Französisch,Corporate,West,Washington,Seattle
MN-17935,Michael Nguyen,Consumer,Central,Texas,Dallas
AB-10015,Aaron Bergman,Consumer,Central,Texas,Arlington
TB-21595,Troy Blackwell,Consumer,Central,Texas,Lubbock
LC-16930,Linda Cazamias,Corporate,Central,Indiana,Richmond
SR-20740,Steven Roelle,Home Office,West,California,Los Angeles
TM-21010,Tamara Manning,Consumer,Central,Illinois,Woodstock
SA-20830,Sue Ann Reed,Consumer,West,California,Moreno Valley
MG-17875,Michael Grace,Home Office,Central,Texas,El Paso
JH-15430,Jennifer Halladay,Consumer,West,Oregon,Medford
JS-16030,Joy Smith,Consumer,East,Ohio,Columbus
VF-21715,Vicky Freymann,Home Office,Central,Illinois,Elmhurst
DB-13060,Dave Brooks,Consumer,West,Washington,Seattle
SC-20380,Shahid Collister,Consumer,Central,Texas,El Paso
HR-14770,Hallie Redmond,Home Office,East,New York,New York City
GW-14605,Giulietta Weimer,Consumer,Central,Texas,Houston
KN-16705,Kristina Nunn,Home Office,East,New York,New York City
NH-18610,Nicole Hansen,Corporate,East,Pennsylvania,Philadelphia
AJ-10945,Ashley Jarboe,Consumer,South,North Carolina,Wilmington
JS-15595,Jill Stevenson,Corporate,East,Ohio,Columbus
SC-20020,Sam Craven,Consumer,Central,Texas,Houston
EJ-14155,Eva Jacobs,Consumer,West,California,San Diego
AP-10720,Anne Pryor,Home Office,East,New York,New York City
CL-12565,Clay Ludtke,Consumer,South,South Carolina,Columbia
AB-10150,Aimee Bixby,Consumer,East,New York,Yonkers
CM-12715,Craig Molinari,Corporate,West,Washington,Seattle
NP-18685,Nora Pelletier,Home Office,West,Washington,Des Moines
KT-16480,Kean Thornton,Consumer,West,Colorado,Denver
SW-20275,Scott Williamson,Consumer,Central,Michigan,Royal Oak
RB-19435,Richard Bierner,Consumer,West,California,Roseville
FM-14215,Filia McAdams,Corporate,South,Kentucky,Richmond
CK-12205,Chloris Kastensmidt,Consumer,East,Ohio,Columbus
KA-16525,Kelly Andreada,Consumer,East,New York,New York City
CK-12325,Christine Kargatis,Home Office,South,Virginia,Chesapeake
DK-13225,Dean Katz,Corporate,West,California,Huntington Beach
NF-18475,Neil Französisch,Home Office,South,Florida,Jacksonville
JF-15295,Jason Fortune-,Consumer,West,Utah,Logan
RB-19465,Rick Bensley,Home Office,Central,Illinois,Chicago
AS-10240,Alan Shonely,Consumer,South,Florida,Tampa
QJ-19255,Quincy Jones,Corporate,East,Pennsylvania,Philadelphia
CP-12340,Christine Phan,Corporate,East,New York,New York City
BN-11515,Bradley Nguyen,Consumer,Central,Minnesota,Lakeville
AZ-10750,Annie Zypern,Consumer,Central,Texas,Dallas
SM-20320,Sean Miller,Home Office,South,Florida,Jacksonville
SC-20050,Sample Company A,Home Office,West,California,Burbank
EK-13795,Eileen Kiefer,Home Office,West,California,San Francisco
MC-17605,Matt Connell,Corporate,South,Florida,Lakeland
KH-16690,Kristen Hastings,Corporate,South,Virginia,Springfield
GM-14440,Gary McGarr,Consumer,South,Tennessee,Knoxville
CB-12025,Cassandra Brandow,Consumer,East,Ohio,Hamilton
TS-21205,Thomas Seio,Corporate,South,North Carolina,Asheville
BF-11275,Beth Fritzler,Corporate,West,Arizona,Tucson
CC-12685,Craig Carroll,Consumer,South,North Carolina,Greensboro
VM-21835,Vivian Mathis,Consumer,Central,Indiana,Portage
BG-11740,Bruce Geld,Consumer,South,Florida,Delray Beach
PO-18865,Patrick O'Donnell,Consumer,West,California,Los Angeles
MS-17710,Maurice Satty,Consumer,West,California,Fresno
CD-11920,Carlos Daly,Consumer,East,New York,New York City
CA-12265,Christina Anderson,Consumer,West,California,San Francisco
CS-12505,Cindy Stewart,Consumer,West,California,Pomona
JD-15895,Jonathan Doherty,Corporate,West,California,Los Angeles
DK-12835,Damala Kotsonis,Corporate,West,California,San Francisco
CV-12295,Christina VanderZanden,Consumer,Central,Iowa,Des Moines
DR-12940,Daniel Raglin,Home Office,West,New Mexico,Albuquerque
MP-18175,Mike Pelletier,Home Office,East,Ohio,Springfield
MG-18145,Mike Gockenbach,Consumer,Central,Texas,Plano
MP-17470,Mark Packer,Home Office,Central,Texas,Brownsville
NC-18340,Nat Carroll,Consumer,Central,Minnesota,Apple Valley
Dl-13600,Dorris liebe,Corporate,West,Washington,Seattle
SG-20890,Susan Gilcrest,Corporate,East,New York,New York City
KM-16720,Kunst Miller,Consumer,East,New York,Long Beach
TG-21640,Trudy Glocke,Consumer,South,Florida,Tampa
KB-16240,Karen Bern,Corporate,South,Florida,Miami
DD-13570,Dorothy Dickinson,Consumer,Central,Illinois,Chicago
JO-15280,Jas O'Carroll,Consumer,East,Pennsylvania,Philadelphia
AA-10315,Alex Avila,Consumer,West,California,San Francisco
KH-16330,Katharine Harms,Corporate,East,Massachusetts,Revere
AH-10690,Anna Häberlin,Corporate,South,Virginia,Virginia Beach
RD-19585,Rob Dowd,Consumer,South,Georgia,Athens
KE-16420,Katrina Edelman,Corporate,West,California,Los Angeles
KB-16585,Ken Black,Corporate,South,Louisiana,Lafayette
MZ-17515,Mary Zewe,Corporate,West,California,Los Angeles
PK-18910,Paul Knutson,Home Office,West,California,San Francisco
JG-15805,John Grady,Corporate,Central,Illinois,Decatur
RP-19855,Roy Phan,Corporate,South,Kentucky,Richmond
GM-14695,Greg Maxwell,Corporate,South,Virginia,Alexandria
RD-19900,Ruben Dartt,Consumer,Central,Michigan,Dearborn Heights
TH-21550,Tracy Hopkins,Home Office,East,New York,New York City
FH-14275,Frank Hawley,Corporate,West,California,Los Angeles
SC-20260,Scott Cohen,Corporate,West,Washington,Seattle
GP-14740,Guy Phonely,Corporate,East,Pennsylvania,Lancaster
AY-10555,Andy Yotov,Corporate,West,California,Los Angeles
PJ-19015,Pauline Johnson,Consumer,South,Alabama,Mobile
VM-21685,Valerie Mitchum,Home Office,South,Georgia,Marietta
RS-19765,Roland Schwarz,Corporate,South,South Carolina,Columbia
JM-15655,Jim Mitchum,Corporate,West,Arizona,Glendale
JS-15880,John Stevenson,Consumer,East,Ohio,Toledo
PC-19000,Pauline Chand,Home Office,West,Arizona,Chandler
RA-19885,Ruben Ausman,Corporate,South,Alabama,Decatur
JK-15370,Jay Kimmel,Consumer,South,Florida,Miami
MM-18055,Michelle Moray,Consumer,West,Montana,Great Falls
GM-14455,Gary Mitchum,Home Office,Central,Texas,Austin
SE-20110,Sanjit Engle,Consumer,West,Idaho,Lewiston
KN-16450,Kean Nguyen,Corporate,West,California,Redondo Beach
EH-13765,Edward Hooks,Corporate,West,California,Lodi
SV-20785,Stewart Visinsky,Consumer,Central,Indiana,Bloomington
BF-11170,Ben Ferrer,Home Office,East,Maryland,Baltimore
PS-18970,Paul Stevenson,Home Office,West,California,Los Angeles
SP-20650,Stephanie Phelps,Corporate,South,North Carolina,Wilmington
JL-15835,John Lee,Consumer,West,California,Los Angeles
NF-18595,Nicole Fjeld,Home Office,West,California,San Jose
AG-10390,Allen Goldenen,Consumer,South,Virginia,Arlington
BP-11230,Benjamin Patterson,Consumer,West,California,Los Angeles
DB-13555,Dorothy Badders,Corporate,South,Kentucky,Henderson
AA-10375,Allen Armold,Consumer,West,California,Los Angeles
AH-10030,Aaron Hawkins,Corporate,East,New York,Troy
TS-21160,Theresa Swint,Corporate,East,Pennsylvania,Philadelphia
LB-16795,Laurel Beltran,Home Office,East,Ohio,Columbus
DA-13450,Dianna Arnett,Home Office,Central,Texas,Houston
BT-11305,Beth Thompson,Home Office,West,California,San Gabriel
LC-16885,Lena Creighton,Consumer,South,North Carolina,Wilmington
MH-17290,Marc Harrigan,Home Office,West,California,Los Angeles
AG-10300,Aleksandra Gannaway,Corporate,West,California,Los Angeles
GB-14530,George Bell,Corporate,East,Ohio,Newark
DS-13180,David Smith,Corporate,East,New York,Jamestown
MY-18295,Muhammed Yedwab,Corporate,East,Maryland,Baltimore
AI-10855,Arianne Irving,Consumer,West,California,San Francisco
LA-16780,Laura Armstrong,Corporate,South,Tennessee,Memphis
KH-16360,Katherine Hughes,Consumer,East,Delaware,Dover
LL-16840,Lauren Leatherbury,Consumer,East,New York,Rochester
HG-14845,Harry Greene,Consumer,South,Louisiana,Lake Charles
JM-16195,Justin MacKendrick,Consumer,South,Kentucky,Louisville
AR-10510,Andrew Roberts,Consumer,East,Ohio,Columbus
CS-11860,Cari Schnelling,Consumer,South,Florida,Lakeland
JS-15940,Joni Sundaresam,Home Office,Central,Wisconsin,Appleton
NC-18415,Nathan Cano,Consumer,East,New York,Yonkers
AA-10480,Andrew Allen,Consumer,East,Connecticut,Middletown
BS-11365,Bill Shonely,Corporate,West,Washington,Seattle
PM-18940,Paul MacIntyre,Consumer,Central,Michigan,Jackson
GD-14590,Giulietta Dortch,Corporate,South,Virginia,Arlington
EB-13870,Emily Burns,Consumer,Central,Texas,San Antonio
PF-19120,Peter Fuller,Consumer,South,Kentucky,Richmond
SN-20710,Steve Nguyen,Home Office,West,California,Los Angeles
HP-14815,Harold Pawlan,Home Office,West,California,Los Angeles
CT-11995,Carol Triggs,Consumer,East,Massachusetts,Lawrence
SB-20290,Sean Braxton,Corporate,South,Kentucky,Henderson
PG-18820,Patrick Gardner,Consumer,West,California,San Francisco
GM-14680,Greg Matthias,Consumer,West,California,San Jose
AF-10885,Art Foster,Consumer,East,Pennsylvania,Philadelphia
VW-21775,Victoria Wilson,Corporate,Central,Texas,Huntsville
RM-19375,Raymond Messe,Consumer,Central,Texas,Houston
BG-11695,Brooke Gillingham,Corporate,East,New York,Watertown
HD-14785,Harold Dahlen,Home Office,Central,Illinois,Chicago
PG-18895,Paul Gonzalez,Consumer,Central,Texas,Fort Worth
EH-14005,Erica Hernandez,Home Office,South,Florida,Hialeah
AG-10270,Alejandro Grove,Consumer,West,Utah,West Jordan
NP-18325,Naresj Patel,Consumer,West,California,Oakland
AJ-10795,Anthony Johnson,Corporate,South,Florida,Saint Petersburg
CC-12475,Cindy Chapman,Consumer,West,California,San Francisco
PW-19030,Pauline Webber,Corporate,West,California,Los Angeles
PA-19060,Pete Armstrong,Home Office,Central,Wisconsin,Eau Claire
GA-14515,George Ashbrook,Consumer,Central,Texas,Dallas
TT-21070,Ted Trevino,Consumer,East,Ohio,Akron
BS-11755,Bruce Stewart,Consumer,East,Ohio,Cleveland
TD-20995,Tamara Dahlen,Consumer,South,Virginia,Virginia Beach
JH-15820,John Huston,Consumer,Central,Michigan,Midland
RF-19345,Randy Ferguson,Corporate,East,New Hampshire,Dover
MC-17590,Matt Collister,Corporate,Central,Texas,San Marcos
BT-11530,Bradley Talbott,Home Office,West,California,San Diego
MW-18235,Mitch Willingham,Corporate,South,Virginia,Virginia Beach
FG-14260,Frank Gastineau,Home Office,East,Massachusetts,Lawrence
EH-14185,Evan Henry,Consumer,South,Alabama,Decatur
GT-14710,Greg Tran,Consumer,East,New York,New York City
RP-19390,Resi Pölking,Consumer,East,Maryland,Baltimore
JL-15235,Janet Lee,Consumer,Central,Illinois,Chicago
BW-11065,Barry Weirich,Consumer,East,New York,New York City
HF-14995,Herbert Flentye,Consumer,West,California,Los Angeles
Dp-13240,Dean percer,Home Office,West,Utah,Murray
MH-17785,Maya Herman,Corporate,West,California,San Diego
LE-16810,Laurel Elliston,Consumer,Central,Illinois,Chicago
PJ-18835,Patrick Jones,Corporate,West,Washington,Seattle
MM-17260,Magdelene Morse,Consumer,West,Washington,Seattle
LW-16825,Laurel Workman,Corporate,East,New York,New York City
EB-13840,Ellis Ballard,Corporate,South,Virginia,Richmond
MC-17425,Mark Cousins,Corporate,Central,Illinois,Chicago
SS-20410,Shahid Shariari,Consumer,Central,Illinois,Buffalo Grove
JG-15160,James Galang,Consumer,East,New York,New York City
JK-15625,Jim Karlsson,Consumer,South,Mississippi,Jackson
DW-13480,Dianna Wilson,Home Office,Central,Minnesota,Lakeville
CR-12625,Corey Roper,Home Office,East,New Jersey,Lakewood
LT-17110,Liz Thompson,Consumer,South,Arkansas,Little Rock
RE-19450,Richard Eichhorn,Consumer,Central,Illinois,Decatur
SC-20725,Steven Cartwright,Consumer,West,Washington,Seattle
RB-19795,Ross Baird,Home Office,Central,Michigan,Midland
BT-11440,Bobby Trafton,Consumer,East,New York,New York City
SB-20170,Sarah Bern,Consumer,Central,Illinois,Chicago
GT-14635,Grant Thornton,Corporate,East,New York,Long Beach
VT-21700,Valerie Takahito,Home Office,Central,Texas,Houston
BM-11785,Bryan Mills,Consumer,East,New York,Rochester
NR-18550,Nick Radford,Consumer,Central,Illinois,Aurora
BP-11095,Bart Pistole,Corporate,Central,Illinois,Peoria
RD-19480,Rick Duston,Consumer,East,New York,Long Beach
CS-11950,Carlos Soltero,Consumer,West,Washington,Seattle
BH-11710,Brosina Hoffman,Consumer,West,California,Los Angeles
CW-11905,Carl Weiss,Home Office,Central,Texas,Huntsville
CM-12445,Chuck Magee,Consumer,West,California,San Francisco
FO-14305,Frank Olsen,Consumer,South,Virginia,Harrisonburg
HK-14890,Heather Kirkland,Corporate,Central,Michigan,Detroit
SR-20425,Sharelle Roach,Home Office,Central,Michigan,Detroit
PS-18760,Pamela Stobb,Consumer,Central,Texas,El Paso
KL-16555,Kelly Lampkin,Corporate,Central,Texas,San Antonio
SC-20575,Sonia Cooley,Consumer,Central,Indiana,Mishawaka
JF-15415,Jennifer Ferguson,Consumer,Central,Illinois,Chicago
GH-14425,Gary Hwang,Consumer,West,Washington,Seattle
DB-13660,Duane Benoit,Consumer,East,Delaware,Newark
MC-18100,Mick Crebagga,Consumer,West,California,Los Angeles
Co-12640,Corey-Lock,Consumer,Central,Oklahoma,Lawton
NW-18400,Natalie Webber,Consumer,East,Pennsylvania,Philadelphia
TB-21280,Toby Braunhardt,Consumer,East,New York,New York City
DV-13465,Dianna Vittorini,Consumer,Central,Minnesota,Minneapolis
AA-10645,Anna Andreadi,Consumer,East,Pennsylvania,Chester
JE-15745,Joel Eaton,Consumer,West,Colorado,Louisville
BS-11665,Brian Stugart,Consumer,East,Pennsylvania,Philadelphia
DL-13330,Denise Leinenbach,Consumer,South,North Carolina,Concord
LP-17080,Liz Pelletier,Consumer,West,Arizona,Tucson
GK-14620,Grace Kelly,Corporate,West,Oregon,Salem
NS-18640,Noel Staavos,Corporate,West,California,Los Angeles
LM-17065,Liz MacKendrick,Consumer,South,Mississippi,Southaven
RW-19630,Rob Williams,Corporate,Central,Michigan,Detroit
CA-12775,Cynthia Arntzen,Consumer,East,Pennsylvania,Philadelphia
DL-12865,Dan Lawera,Consumer,East,Ohio,Cincinnati
AR-10825,Anthony Rawles,Corporate,West,California,Los Angeles
MS-17980,Michael Stewart,Corporate,Central,Texas,Houston
BD-11620,Brian DeCherney,Consumer,South,North Carolina,Wilmington
RA-19915,Russell Applegate,Consumer,Central,Illinois,Chicago
HA-14905,Helen Abelman,Consumer,East,New York,New York City
EH-13945,Eric Hoffmann,Consumer,East,New Jersey,Plainfield
MS-17770,Maxwell Schwartz,Consumer,South,Virginia,Richmond
DM-13525,Don Miller,Corporate,South,Florida,Palm Coast
MC-17845,Michael Chen,Consumer,South,Mississippi,Jackson
DC-12850,Dan Campbell,Consumer,Central,Texas,Houston
DP-13390,Dennis Pardue,Home Office,West,California,Los Angeles
EP-13915,Emily Phan,Consumer,East,New York,New York City
BC-11125,Becky Castell,Home Office,West,California,El Cajon
MH-18025,Michelle Huthwaite,Consumer,East,New York,Buffalo
EB-13705,Ed Braxton,Corporate,West,California,San Francisco
GH-14410,Gary Hansen,Home Office,West,California,Los Angeles
BM-11650,Brian Moss,Corporate,Central,Texas,Dallas
DS-13030,Darrin Sayre,Home Office,West,California,San Francisco
MH-17455,Mark Hamilton,Consumer,East,New York,New York City
JK-15205,Jamie Kunitz,Consumer,East,New York,Niagara Falls
ME-17725,Max Engle,Consumer,Central,Illinois,Chicago
AC-10420,Alyssa Crouse,Corporate,West,California,San Francisco
PV-18985,Paul Van Hugh,Home Office,Central,Texas,League City
SS-20515,Shirley Schmidt,Home Office,East,Delaware,Newark
PB-19150,Philip Brown,Consumer,West,Arizona,Phoenix
AW-10930,Arthur Wiediger,Home Office,Central,Illinois,Aurora
BF-10975,Barbara Fisher,Corporate,East,New York,New York City
AH-10120,Adrian Hane,Home Office,West,Arizona,Tucson
JL-15130,Jack Lebron,Consumer,East,New York,New Rochelle
CA-12310,Christine Abelman,Corporate,East,Connecticut,Bristol
EM-14140,Eugene Moren,Home Office,West,Montana,Great Falls
SW-20245,Scot Wooten,Consumer,East,Ohio,Springfield
KM-16375,Katherine Murray,Home Office,Central,Texas,Dallas
CC-12145,Charles Crestani,Consumer,West,California,San Diego
RD-19720,Roger Demir,Consumer,West,California,San Francisco
HM-14860,Harry Marie,Corporate,Central,Texas,Dallas
ME-18010,Michelle Ellison,Corporate,West,California,San Francisco
EM-14065,Erin Mull,Consumer,East,New York,New York City
AB-10255,Alejandro Ballentine,Home Office,West,California,Los Angeles
JL-15850,John Lucas,Consumer,Central,Texas,Houston
NC-18535,Nick Crebassa,Corporate,West,California,San Francisco
AG-10900,Arthur Gainer,Consumer,West,Arizona,Tucson
KL-16645,Ken Lonsdale,Consumer,West,California,San Francisco
SG-20470,Sheri Gordon,Consumer,South,Georgia,Atlanta
LF-17185,Luke Foster,Consumer,Central,Texas,San Antonio
CL-11890,Carl Ludwig,Consumer,Central,Illinois,Chicago
AS-10045,Aaron Smayling,Corporate,East,New York,New York City
BB-10990,Barry Blumstein,Corporate,West,California,Los Angeles
TS-21430,Tom Stivers,Corporate,West,Washington,Seattle
IL-15100,Ivan Liston,Consumer,West,California,San Francisco
AS-10630,Ann Steele,Home Office,East,Pennsylvania,Philadelphia
NZ-18565,Nick Zandusky,Home Office,Central,Missouri,Springfield
BK-11260,Berenike Kampe,Consumer,East,New York,New York City
VD-21670,Valerie Dominguez,Consumer,West,Utah,Pleasant Grove
SS-20590,Sonia Sunley,Consumer,West,California,San Francisco
RS-19420,Ricardo Sperren,Corporate,East,Connecticut,Meriden
GZ-14470,Gary Zandusky,Consumer,Central,Texas,Texas City
CS-12130,Chad Sievert,Consumer,West,California,Los Angeles
RF-19735,Roland Fjeld,Consumer,South,South Carolina,Columbia
TB-21625,Trudy Brown,Consumer,East,New York,New York City
MA-17560,Matt Abelman,Home Office,Central,Michigan,Trenton
LR-16915,Lena Radford,Consumer,West,California,San Diego
VG-21790,Vivek Gonzalez,Consumer,South,Florida,Jacksonville
MB-17305,Maria Bertelson,Consumer,West,Arizona,Glendale
AG-10525,Andy Gerbode,Corporate,South,Florida,Saint Petersburg
MG-17650,Matthew Grinstein,Home Office,West,Washington,Seattle
GM-14500,Gene McClure,Consumer,West,California,Fresno
JH-15985,Joseph Holt,Consumer,West,Washington,Seattle
ED-13885,Emily Ducich,Home Office,West,California,San Diego
BW-11200,Ben Wallace,Consumer,West,California,San Francisco
DH-13675,Duane Huffman,Home Office,South,Florida,Miami
CS-12175,Charles Sheldon,Corporate,East,New Jersey,Lakewood
CS-12355,Christine Sundaresam,Consumer,South,Florida,Hollywood
KH-16510,Keith Herrera,Consumer,Central,Texas,Dallas
TS-21610,Troy Staebel,Consumer,East,Pennsylvania,Philadelphia
DJ-13510,Don Jones,Corporate,South,Arkansas,Little Rock
LH-16900,Lena Hernandez,Consumer,South,Arkansas,Jonesboro
CR-12730,Craig Reiter,Consumer,Central,Illinois,Chicago
DE-13255,Deanra Eno,Home Office,East,Ohio,Lakewood
JP-15520,Jeremy Pistek,Consumer,South,Florida,North Miami
AP-10915,Arthur Prichep,Consumer,West,Colorado,Denver
RH-19495,Rick Hansen,Consumer,East,New York,New York City
RB-19645,Robert Barroso,Corporate,West,California,Los Angeles
JP-15460,Jennifer Patt,Corporate,East,New York,Oceanside
DW-13585,Dorothy Wardle,Corporate,South,Kentucky,Owensboro
MW-18220,Mitch Webber,Consumer,West,Washington,Seattle
JM-15265,Janet Molinari,Corporate,West,California,Los Angeles
JE-15715,Joe Elijah,Consumer,Central,Texas,Houston
RC-19960,Ryan Crowe,Consumer,East,Ohio,Columbus
PP-18955,Paul Prost,Home Office,East,Delaware,Newark
KB-16315,Karl Braun,Consumer,East,Delaware,Newark
FM-14290,Frank Merwin,Home Office,West,California,Los Angeles
ZD-21925,Zuschuss Donatelli,Consumer,West,California,San Francisco
CC-12610,Corey Catlett,Corporate,South,Virginia,Springfield
RA-19945,Ryan Akin,Consumer,South,Florida,Miami
HH-15010,Hilary Holden,Corporate,West,California,San Francisco
AT-10735,Annie Thurman,Consumer,East,Connecticut,Bristol
SJ-20500,Shirley Jackson,Consumer,West,New Mexico,Santa Fe
LT-16765,Larry Tron,Consumer,West,California,Escondido
KD-16345,Katherine Ducich,Consumer,East,New York,New York City
MR-17545,Mathew Reese,Home Office,Central,Texas,Houston
PR-18880,Patrick Ryan,Consumer,South,Florida,Saint Petersburg
NP-18700,Nora Preis,Consumer,East,Ohio,Bowling Green
VP-21760,Victoria Pisteka,Corporate,West,California,San Francisco
SZ-20035,Sam Zeldin,Home Office,Central,Texas,Houston
DK-13375,Dennis Kane,Consumer,East,New York,New York City
LR-17035,Lisa Ryan,Corporate,West,California,Santa Clara
BM-11140,Becky Martin,Consumer,Central,Texas,San Antonio
MC-17275,Marc Crier,Consumer,West,Washington,Pasco
LH-17020,Lisa Hazard,Consumer,Central,Texas,Tyler
KT-16465,Kean Takahito,Consumer,Central,Texas,Houston
KC-16255,Karen Carlisle,Corporate,South,Georgia,Macon
SP-20620,Stefania Perrino,Corporate,East,New York,Long Beach
LC-17140,Logan Currie,Consumer,East,Pennsylvania,Philadelphia
MS-17365,Maribeth Schnelling,Consumer,Central,Michigan,Detroit
CC-12220,Chris Cortes,Consumer,Central,Illinois,Chicago
RR-19525,Rick Reed,Corporate,East,Massachusetts,Lowell
DL-12925,Daniel Lacy,Consumer,South,North Carolina,Greenville
SF-20065,Sandra Flanagan,Consumer,East,New Jersey,Clifton
LW-17125,Liz Willingham,Consumer,West,California,Oxnard
BN-11470,Brad Norvell,Corporate,South,North Carolina,Cary
TA-21385,Tom Ashbrook,Home Office,Central,Kansas,Olathe
LW-17215,Luke Weiss,Consumer,East,New York,New York City
PT-19090,Pete Takahito,Consumer,Central,Texas,Houston
ON-18715,Odella Nelson,Corporate,West,Arizona,Tempe
JM-15535,Jessica Myrick,Consumer,East,Pennsylvania,Philadelphia
EA-14035,Erin Ashbrook,Corporate,South,North Carolina,Charlotte
JB-15400,Jennifer Braxton,Corporate,Central,Illinois,Chicago
DM-13015,Darrin Martin,Consumer,East,New York,New York City
JC-15775,John Castell,Consumer,South,Georgia,Macon
AJ-10960,Astrea Jones,Consumer,East,New York,Rochester
MF-18250,Monica Federle,Corporate,East,Pennsylvania,Philadelphia
JA-15970,Joseph Airdo,Consumer,West,Oregon,Springfield
AG-10765,Anthony Garverick,Home Office,East,Pennsylvania,Philadelphia
MC-18130,Mike Caudle,Corporate,West,Washington,Seattle
JK-15640,Jim Kriz,Home Office,West,California,San Francisco
FA-14230,Frank Atkinson,Corporate,West,California,Long Beach
SB-20185,Sarah Brown,Consumer,Central,Illinois,Chicago
DN-13690,Duane Noonan,Consumer,East,Maryland,Columbia
HG-14965,Henry Goldwyn,Corporate,West,California,San Diego
PF-19165,Philip Fox,Consumer,Central,Illinois,Bloomington
ES-14020,Erica Smith,Consumer,West,California,San Francisco
MA-17995,Michelle Arnett,Home Office,West,California,Los Angeles
JG-15115,Jack Garza,Consumer,West,Washington,Des Moines
SL-20155,Sara Luxemburg,Home Office,East,New York,New York City
LH-16750,Larry Hughes,Consumer,East,Pennsylvania,Philadelphia
VG-21805,Vivek Grady,Corporate,Central,Illinois,Chicago
AS-10090,Adam Shillingsburg,Consumer,East,New York,New York City
TT-21220,Thomas Thornton,Consumer,East,Delaware,Dover
JP-16135,Julie Prescott,Home Office,East,New York,New York City
TH-21115,Thea Hudgings,Corporate,East,Delaware,Newark
JD-16060,Julia Dunbar,Consumer,West,California,San Francisco
BF-11005,Barry Franz,Home Office,West,Colorado,Aurora
MT-18070,Michelle Tran,Home Office,Central,Texas,Houston
KF-16285,Karen Ferguson,Home Office,West,California,San Diego
NB-18580,Nicole Brennan,Corporate,East,Pennsylvania,Philadelphia
CS-12400,Christopher Schild,Home Office,West,Washington,Seattle
TH-21100,Thea Hendricks,Consumer,West,California,San Diego
KD-16495,Keith Dawkins,Corporate,South,North Carolina,Fayetteville
GZ-14545,George Zrebassa,Corporate,East,Massachusetts,Lawrence
LD-17005,Lisa DeCherney,Consumer,East,New York,New York City
SM-20950,Suzanne McNair,Corporate,East,Pennsylvania,Philadelphia
EB-14170,Evan Bailliet,Consumer,West,Washington,Seattle
DB-13615,Doug Bickford,Consumer,West,Washington,Seattle
KW-16570,Kelly Williams,Consumer,South,Tennessee,Clarksville
DM-12955,Dario Medina,Corporate,East,Ohio,Fairfield
ES-14080,Erin Smith,Corporate,West,Arizona,Tempe
DO-13435,Denny Ordway,Consumer,East,Ohio,Columbus
BP-11290,Beth Paige,Consumer,Central,Illinois,Evanston
RD-19930,Russell D'Ascenzo,Consumer,Central,Texas,Dallas
AR-10405,Allen Rosenblatt,Corporate,West,California,Los Angeles
JD-16015,Joy Daniels,Consumer,West,Washington,Seattle
DF-13135,David Flashing,Consumer,West,California,Vallejo
BD-11635,Brian Derr,Consumer,East,Ohio,Columbus
AM-10360,Alice McCarthy,Corporate,Central,Nebraska,Omaha
FC-14335,Fred Chung,Corporate,West,New Mexico,Albuquerque
TN-21040,Tanja Norvell,Home Office,West,California,Manteca
JF-15565,Jill Fjeld,Consumer,East,Pennsylvania,Philadelphia
HA-14920,Helen Andreada,Consumer,West,California,Pasadena
BP-11050,Barry Pond,Corporate,Central,Illinois,Chicago
ZC-21910,Zuschuss Carroll,Consumer,West,Washington,Edmonds
SP-20545,Sibella Parks,Corporate,East,New York,Mount Vernon
TC-21295,Toby Carlisle,Consumer,East,Massachusetts,Everett
JE-15610,Jim Epp,Corporate,East,New Hampshire,Concord
HG-15025,Hunter Glantz,Consumer,Central,Texas,Fort Worth
AC-10660,Anna Chung,Consumer,East,Ohio,Parma
LS-17245,Lynn Smith,Consumer,West,California,San Francisco
TB-21520,Tracy Blumstein,Consumer,Central,Texas,Beaumont
IG-15085,Ivan Gibson,Consumer,West,Washington,Seattle
LS-17200,Luke Schmidt,Corporate,South,Arkansas,Texarkana
AS-10225,Alan Schoenberger,Corporate,South,Alabama,Montgomery
EH-14125,Eugene Hildebrand,Home Office,West,California,Lakewood
JF-15490,Jeremy Farry,Consumer,West,California,Los Angeles
RP-19270,Rachel Payne,Corporate,West,California,San Francisco
LS-16975,Lindsay Shagiari,Home Office,Central,Illinois,Chicago
FH-14365,Fred Hopkins,Corporate,South,Tennessee,Knoxville
SF-20965,Sylvia Foulston,Corporate,West,California,San Diego
MG-17680,Maureen Gastineau,Home Office,East,Ohio,Newark
DB-12910,Daniel Byrd,Home Office,South,Florida,Fort Lauderdale
AH-10585,Angele Hood,Consumer,West,Washington,Seattle
RD-19810,Ross DeVincentis,Home Office,South,North Carolina,Fayetteville
TS-21370,Todd Sumrall,Corporate,West,California,Los Angeles
BT-11395,Bill Tyler,Corporate,Central,Kansas,Garden City
NC-18625,Noah Childs,Corporate,Central,Indiana,Columbus
GG-14650,Greg Guthrie,Corporate,West,California,Los Angeles
AM-10705,Anne McFarland,Consumer,East,Rhode Island,Cranston
AC-10450,Amy Cox,Consumer,West,Arizona,Avondale
NL-18310,Nancy Lomonaco,Home Office,West,California,San Francisco
KH-16630,Ken Heidel,Corporate,South,North Carolina,Charlotte
PL-18925,Paul Lucas,Home Office,West,California,Los Angeles
DG-13300,Deirdre Greer,Corporate,East,New Jersey,Orange
PO-18850,Patrick O'Brill,Consumer,Central,Texas,Irving
SW-20755,Steven Ward,Corporate,West,Washington,Seattle
SH-20395,Shahid Hopkins,Consumer,West,California,San Francisco
JK-16120,Julie Kriz,Home Office,South,Florida,Fort Lauderdale
DM-13345,Denise Monton,Corporate,East,New Jersey,Orange
TC-21535,Tracy Collins,Home Office,West,California,Los Angeles
WB-21850,William Brown,Consumer,West,California,Los Angeles
TH-21235,Tiffany House,Corporate,West,California,Long Beach
MS-17530,MaryBeth Skach,Consumer,West,California,San Diego
BG-11035,Barry Gonzalez,Consumer,South,Virginia,Hampton
MD-17350,Maribeth Dona,Consumer,East,Pennsylvania,Philadelphia
TC-20980,Tamara Chand,Corporate,Central,Texas,Houston
BF-11215,Benjamin Farhat,Home Office,East,New York,New York City
TZ-21580,Tracy Zic,Consumer,West,Colorado,Louisville
KD-16270,Karen Daniels,Consumer,Central,Texas,Houston
PK-19075,Pete Kriz,Consumer,Central,Wisconsin,Madison
DB-12970,Darren Budd,Corporate,Central,Texas,Houston
RF-19840,Roy Französisch,Consumer,Central,Texas,San Antonio
JL-15505,Jeremy Lonsdale,Consumer,Central,Michigan,Midland
CM-11815,Candace McMahon,Corporate,Central,Texas,Pasadena
RM-19675,Robert Marley,Home Office,East,New York,New York City
ML-17410,Maris LaWare,Consumer,East,Connecticut,Fairfield
PB-19105,Peter Bühler,Consumer,Central,Texas,Houston
JF-15190,Jamie Frazer,Consumer,South,Tennessee,Johnson City
AB-10165,Alan Barnes,Consumer,Central,Illinois,Decatur
RH-19510,Rick Huthwaite,Home Office,Central,Kansas,Manhattan
JD-16150,Justin Deggeller,Corporate,West,California,Los Angeles
AH-10075,Adam Hart,Corporate,West,California,Huntington Beach
RB-19330,Randy Bradley,Consumer,East,Pennsylvania,Philadelphia
YC-21895,Yoseph Carroll,Corporate,East,Delaware,Newark
JK-15730,Joe Kamberova,Consumer,Central,Illinois,Des Plaines
MK-17905,Michael Kennedy,Corporate,Central,Wisconsin,Franklin
PW-19240,Pierre Wener,Consumer,West,Colorado,Louisville
AB-10600,Ann Blume,Corporate,Central,Illinois,Chicago
JC-16105,Julie Creighton,Corporate,Central,Minnesota,Minneapolis
GR-14560,Georgia Rosenberg,Corporate,East,Delaware,Wilmington
JM-15865,John Murray,Consumer,East,New York,Jamestown
AD-10180,Alan Dominguez,Home Office,East,Pennsylvania,Philadelphia
DB-13360,Dennis Bolton,Home Office,West,Utah,Salt Lake City
DH-13075,Dave Hallsten,Corporate,South,Kentucky,Richmond
SC-20680,Steve Carroll,Home Office,West,California,San Francisco
JK-15325,Jason Klamczynski,Corporate,Central,Texas,Dallas
SP-20920,Susan Pistek,Consumer,West,California,Los Angeles
TC-21475,Tony Chapman,Home Office,Central,Illinois,Bolingbrook
PB-19210,Phillip Breyer,Corporate,East,Pennsylvania,Philadelphia
SS-20140,Saphhira Shifley,Corporate,Central,Texas,Mesquite
SM-20005,Sally Matthias,Consumer,West,Arizona,Scottsdale
HR-14830,Harold Ryan,Corporate,West,Washington,Seattle
DK-12985,Darren Koutras,Consumer,Central,Illinois,Chicago
NG-18430,Nathan Gelder,Consumer,East,Ohio,Cincinnati
NG-18355,Nat Gilpin,Corporate,Central,Michigan,Jackson
AT-10435,Alyssa Tate,Home Office,East,Ohio,Akron
AR-10540,Andy Reiter,Consumer,East,Rhode Island,Woonsocket
BT-11680,Brian Thompson,Consumer,Central,Texas,Houston
MO-17500,Mary O'Rourke,Consumer,East,New York,Freeport
MC-17635,Matthew Clasen,Corporate,Central,Indiana,Richmond
BF-11080,Bart Folk,Consumer,South,Alabama,Montgomery
AH-10210,Alan Hwang,Consumer,West,California,San Francisco
BS-11380,Bill Stewart,Corporate,Central,Illinois,Skokie
TR-21325,Toby Ritter,Consumer,West,California,San Francisco
DP-13165,David Philippe,Consumer,East,New York,New York City
EM-13825,Elizabeth Moffitt,Corporate,South,Georgia,Sandy Springs
MC-17575,Matt Collins,Consumer,Central,Illinois,Chicago
MD-17860,Michael Dominguez,Corporate,Central,Texas,Corpus Christi
KN-16390,Katherine Nockton,Corporate,East,Ohio,Columbus
CP-12085,Cathy Prescott,Corporate,East,New York,New York City
RL-19615,Rob Lucas,Consumer,West,California,Los Angeles
JB-15925,Joni Blumstein,Consumer,West,California,Los Angeles
DK-13150,David Kendrick,Corporate,Central,Illinois,Decatur
NB-18655,Nona Balk,Corporate,East,Pennsylvania,Philadelphia
RC-19825,Roy Collins,Consumer,South,Virginia,Alexandria
FP-14320,Frank Preis,Consumer,West,California,Los Angeles
TB-21250,Tim Brockman,Consumer,West,Oregon,Salem
DJ-13420,Denny Joy,Corporate,West,California,San Francisco
TB-21175,Thomas Boland,Corporate,Central,Texas,Houston
SH-19975,Sally Hughsby,Corporate,West,Idaho,Caldwell
CY-12745,Craig Yedwab,Corporate,Central,Texas,San Antonio
LH-17155,Logan Haushalter,Consumer,West,California,Oakland
RA-19285,Ralph Arnett,Consumer,Central,Texas,Houston
KC-16675,Kimberly Carter,Corporate,South,Kentucky,Henderson
SS-20875,Sung Shariari,Consumer,East,Ohio,Marion
CS-11845,Cari Sayre,Corporate,Central,Illinois,Chicago
SP-20860,Sung Pak,Corporate,Central,Illinois,Chicago
SC-20305,Sean Christensen,Consumer,Central,Texas,Beaumont
SC-20695,Steve Chapman,Corporate,Central,Michigan,Detroit
CC-12100,Chad Cunningham,Home Office,West,California,Los Angeles
SH-20635,Stefanie Holloman,Corporate,West,California,Sacramento
EC-14050,Erin Creighton,Consumer,East,Ohio,Columbus
MK-18160,Mike Kennedy,Consumer,South,Florida,Jacksonville
IM-15070,Irene Maddox,Consumer,South,Alabama,Florence
TS-21505,Tony Sayre,Consumer,South,Tennessee,Columbia
AB-10105,Adrian Barton,Consumer,Central,Indiana,Indianapolis
PS-19045,Penelope Sewall,Home Office,South,Virginia,Harrisonburg
KM-16660,Khloe Miller,Consumer,West,California,San Jose
TW-21025,Tamara Willingham,Home Office,East,New York,New York City
SF-20200,Sarah Foster,Consumer,Central,Indiana,Richmond
CC-12670,Craig Carreira,Consumer,South,Florida,Tampa
CK-12595,Clytie Kelty,Consumer,West,California,San Diego
MG-17695,Maureen Gnade,Consumer,East,Pennsylvania,Philadelphia
TB-21190,Thomas Brumley,Home Office,East,New York,New York City
RE-19405,Ricardo Emerson,Consumer,East,Ohio,Kent
MG-17890,Michael Granlund,Home Office,Central,Illinois,Saint Charles
DC-13285,Debra Catini,Consumer,Central,Minnesota,Cottage Grove
MF-17665,Maureen Fritzler,Corporate,West,Arizona,Phoenix
AR-10345,Alex Russell,Corporate,East,Pennsylvania,Philadelphia
KB-16600,Ken Brennan,Corporate,Central,Michigan,Taylor
PC-18745,Pamela Coakley,Corporate,East,New York,Watertown
JL-15175,James Lanier,Home Office,West,Nevada,Reno
CB-12535,Claudia Bergmann,Corporate,East,Delaware,Newark
AH-10465,Amy Hunt,Consumer,Central,Texas,Dallas
AG-10495,Andrew Gjertsen,Corporate,South,Virginia,Alexandria
CS-12490,Cindy Schnelling,Corporate,East,Ohio,Toledo
YS-21880,Yana Sorensen,Corporate,East,Delaware,Newark
KS-16300,Karen Seio,Corporate,South,Georgia,Columbus
CR-12820,Cyra Reiten,Home Office,South,Florida,West Palm Beach
RW-19540,Rick Wilson,Corporate,West,California,Los Angeles
LO-17170,Lori Olson,Corporate,South,Virginia,Suffolk
TS-21655,Trudy Schmidt,Consumer,Central,Texas,Houston
SJ-20215,Sarah Jordon,Consumer,West,California,Los Angeles
GT-14755,Guy Thornton,Consumer,West,California,Long Beach
LC-16960,Lindsay Castell,Home Office,East,New York,New York City
NP-18670,Nora Paige,Consumer,West,Washington,Seattle
TP-21565,Tracy Poddar,Corporate,Central,Texas,Coppell
DK-13090,Dave Kipp,Consumer,West,Washington,Seattle
AH-10195,Alan Haines,Corporate,East,Pennsylvania,Bethlehem
JJ-15445,Jennifer Jackson,Consumer,Central,Illinois,Chicago
DK-12895,Dana Kaydos,Consumer,Central,Wisconsin,Kenosha
TG-21310,Toby Gnade,Consumer,South,North Carolina,Raleigh
EB-13750,Edward Becker,Corporate,South,Florida,Plantation
CM-12385,Christopher Martinez,Consumer,South,Georgia,Atlanta
JE-15475,Jeremy Ellison,Consumer,West,Washington,Seattle
JO-15550,Jesus Ocampo,Home Office,West,Washington,Seattle
CM-12655,Corinna Mitchell,Home Office,Central,Texas,Houston
BW-11110,Bart Watters,Corporate,Central,Wisconsin,Milwaukee
JW-16075,Julia West,Consumer,South,North Carolina,Jacksonville
DB-13210,Dean Braden,Consumer,Central,Texas,Houston
FW-14395,Fred Wasserman,Corporate,South,Alabama,Huntsville
BP-11185,Ben Peterman,Corporate,South,Florida,Coral Springs
BV-11245,Benjamin Venier,Corporate,South,Florida,Miami
CM-12115,Chad McGuire,Consumer,East,New York,New York City
JD-15790,John Dryer,Consumer,West,California,Los Angeles
MO-17950,Michael Oakman,Consumer,Central,Texas,Dallas
RD-19660,Robert Dilbeck,Home Office,West,Washington,Seattle
EB-14110,Eugene Barchas,Consumer,West,California,Los Angeles
HJ-14875,Heather Jas,Home Office,West,Arizona,Mesa
AW-10840,Anthony Witt,Consumer,West,New Mexico,Farmington
TP-21130,Theone Pippenger,Consumer,West,Oregon,Springfield
MP-17965,Michael Paige,Corporate,Central,Texas,Mcallen
OT-18730,Olvera Toch,Consumer,Central,Michigan,Detroit
JK-16090,Juliana Krohn,Consumer,South,Kentucky,Louisville
LS-16945,Linda Southworth,Corporate,West,California,Los Angeles
JW-15220,Jane Waco,Corporate,East,Massachusetts,Lawrence
DB-13120,David Bremer,Corporate,South,Florida,Tampa
LC-16870,Lena Cacioppo,Consumer,West,California,San Francisco
JB-16045,Julia Barnett,Home Office,West,California,Chula Vista
SV-20815,Stuart Van,Corporate,Central,Indiana,Indianapolis
AG-10675,Anna Gayman,Consumer,Central,Texas,Allen
RO-19780,Rose O'Brian,Consumer,West,Washington,Seattle
JH-16180,Justin Hirsh,Consumer,West,Colorado,Pueblo
NK-18490,Neil Knudson,Home Office,West,Washington,Seattle
EN-13780,Edward Nazzal,Consumer,East,New York,New York City
BD-11560,Brendan Dodson,Home Office,South,Virginia,Springfield
BD-11320,Bill Donatelli,Consumer,Central,Minnesota,Minneapolis
ML-18265,Muhammed Lee,Consumer,South,North Carolina,Fayetteville
CG-12040,Catherine Glotzbach,Home Office,West,California,Los Angeles
BP-11155,Becky Pak,Consumer,West,California,Los Angeles
BB-11545,Brenda Bowman,Corporate,Central,Missouri,Saint Charles
EM-13810,Eleni McCrary,Corporate,West,California,Los Angeles
MJ-17740,Max Jones,Consumer,South,Florida,Miami
GB-14575,Giulietta Baptist,Consumer,East,Pennsylvania,Philadelphia
JH-15910,Jonathan Howell,Consumer,South,Florida,West Palm Beach
FC-14245,Frank Carlisle,Home Office,East,Ohio,Springfield
SN-20560,Skye Norling,Home Office,West,Arizona,Peoria
SC-20770,Stewart Carmichael,Corporate,West,California,San Francisco
SW-20455,Shaun Weien,Consumer,East,New York,Rochester
CH-12070,Cathy Hwang,Home Office,East,Pennsylvania,Philadelphia
RH-19600,Rob Haberlin,Consumer,Central,Illinois,Carol Stream
BD-11725,Bruce Degenhardt,Consumer,South,Kentucky,Richmond
VP-21730,Victor Preis,Home Office,Central,Michigan,Sterling Heights
KM-16225,Kalyca Meade,Corporate,East,New York,New York City
FM-14380,Fred McMath,Consumer,Central,Texas,Amarillo
VB-21745,Victoria Brennan,Corporate,Central,Texas,Houston
TS-21085,Thais Sissman,Consumer,West,Arizona,Phoenix
RK-19300,Ralph Kennedy,Consumer,Central,Indiana,South Bend
BE-11455,Brad Eason,Home Office,East,Rhode Island,Providence
EM-14095,Eudokia Martin,Corporate,South,Virginia,Springfield
PN-18775,Parhena Norris,Home Office,West,California,Bakersfield
DB-13405,Denny Blanton,Consumer,East,Massachusetts,Lawrence
PO-19180,Philisse Overcash,Home Office,East,New York,New York City
TT-21265,Tim Taslimi,Corporate,West,California,Los Angeles
JW-15955,Joni Wasserman,Consumer,East,Pennsylvania,Philadelphia
SC-20440,Shaun Chance,Corporate,East,Massachusetts,New Bedford
RB-19705,Roger Barcio,Home Office,East,New York,New York City
DP-13105,Dave Poirier,Corporate,East,New York,New York City
FH-14350,Fred Harton,Consumer,South,Georgia,Atlanta
KW-16435,Katrina Willman,Consumer,South,Kentucky,Florence
CA-12055,Cathy Armstrong,Home Office,Central,Texas,Houston
CC-12430,Chuck Clark,Home Office,East,New York,New York City
NM-18520,Neoma Murray,Consumer,West,California,Moreno Valley
BO-11425,Bobby Odegard,Consumer,East,New York,New York City
KD-16615,Ken Dana,Corporate,West,California,Anaheim
BM-11575,Brendan Murry,Corporate,East,New York,New York City
AC-10615,Ann Chong,Corporate,East,Pennsylvania,Philadelphia
MO-17800,Meg O'Connel,Home Office,West,California,Los Angeles
JR-16210,Justin Ritter,Corporate,South,Florida,Jacksonville
CM-12190,Charlotte Melton,Consumer,West,California,San Diego
AB-10060,Adam Bellavance,Home Office,West,Washington,Des Moines
SJ-20125,Sanjit Jacobs,Home Office,South,Tennessee,Franklin
CM-11935,Carlos Meador,Consumer,West,Arizona,Tucson
DR-12880,Dan Reichenbach,Corporate,East,New York,New York City
BS-11800,Bryan Spruell,Home Office,West,California,San Diego
HW-14935,Helen Wasserman,Corporate,Central,Michigan,Detroit
EM-13960,Eric Murdock,Consumer,Central,Illinois,Quincy
HM-14980,Henry MacAllister,Consumer,West,California,Los Angeles
JJ-15760,Joel Jenkins,Home Office,South,Virginia,Springfield
GH-14485,Gene Hale,Corporate,Central,Texas,Dallas
SO-20335,Sean O'Donnell,Consumer,South,Florida,Fort Lauderdale
CG-12520,Claire Gute,Consumer,Central,Texas,Dallas
JF-15355,Jay Fein,Consumer,West,California,San Diego
MY-17380,Maribeth Yedwab,Corporate,West,California,Rancho Cucamonga
SG-20080,Sandra Glassco,Consumer,West,California,Redlands
KC-16540,Kelly Collister,Consumer,West,Washington,Seattle
EG-13900,Emily Grady,Consumer,South,Virginia,Chesapeake
CB-12415,Christy Brittain,Consumer,East,Ohio,Lakewood
MT-17815,Meg Tillman,Consumer,West,Arizona,Scottsdale
DO-13645,Doug O'Connell,Consumer,Central,Texas,Houston
MZ-17335,Maria Zettner,Home Office,West,California,San Diego
GH-14665,Greg Hansen,Consumer,Central,Illinois,Chicago
KB-16405,Katrina Bavinger,Home Office,West,Washington,Seattle
PB-18805,Patrick Bzostek,Home Office,West,California,San Francisco
TP-21415,Tom Prescott,Consumer,East,New York,Freeport
RH-19555,Ritsa Hightower,Consumer,South,Florida,Tallahassee
MH-17620,Matt Hagelstein,Corporate,West,California,San Diego
SU-20665,Stephanie Ulpright,Home Office,Central,Michigan,Ann Arbor
AF-10870,Art Ferguson,Consumer,West,California,San Francisco
TT-21460,Tonja Turnell,Home Office,Central,Texas,Fort Worth
SC-20800,Stuart Calhoun,Consumer,Central,Texas,Houston
DJ-13630,Doug Jacobs,Consumer,West,Oregon,Portland
PM-19135,Peter McVee,Home Office,East,New Hampshire,Dover
EM-14200,Evan Minnotte,Home Office,South,Florida,Miami
ER-13855,Elpida Rittenbach,Corporate,West,Colorado,Colorado Springs
JR-15670,Jim Radford,Consumer,West,Colorado,Colorado Springs
DL-13495,Dionis Lloyd,Corporate,Central,Michigan,Detroit
BT-11485,Brad Thomas,Home Office,East,Maryland,Clinton
BO-11350,Bill Overfelt,Corporate,Central,Oklahoma,Broken Arrow
EB-13975,Erica Bern,Corporate,South,North Carolina,Charlotte
JB-16000,Joy Bell-,Consumer,West,Washington,Longview
BE-11335,Bill Eplett,Home Office,East,New York,New York City
TB-21355,Todd Boyes,Corporate,East,New Jersey,Plainfield
HE-14800,Harold Engle,Corporate,Central,Illinois,Chicago
BE-11410,Bobby Elias,Consumer,East,Ohio,Lancaster
DW-13540,Don Weiss,Consumer,Central,Texas,Houston
JG-15310,Jason Gross,Corporate,Central,Texas,Odessa
CJ-12010,Caroline Jumper,Consumer,East,New York,Long Beach
BD-11770,Bryan Davis,Consumer,East,Pennsylvania,Philadelphia
HZ-14950,Henia Zydlo,Consumer,East,Ohio,Columbus
SV-20935,Susan Vittorini,Consumer,East,New York,Oceanside
JM-15250,Janet Martin,Consumer,East,New York,New York City
RB-19360,Raymond Buch,Consumer,East,New York,Auburn
SW-20350,Sean Wendt,Home Office,Central,Michigan,Detroit
JM-15580,Jill Matthias,Consumer,East,Maryland,Baltimore
CR-12580,Clay Rozendal,Home Office,Central,Illinois,Elmhurst
EL-13735,Ed Ludwig,Home Office,Central,Missouri,Jefferson City
CL-12700,Craig Leslie,Home Office,West,Colorado,Colorado Springs
RB-19570,Rob Beeghly,Consumer,Central,Illinois,Saint Charles
CM-12235,Chris McAfee,Consumer,South,Arkansas,Little Rock
SM-20905,Susan MacKendrick,Consumer,East,Ohio,Newark
LW-16990,Lindsay Williams,Corporate,West,Nevada,Henderson
CV-12805,Cynthia Voltz,Corporate,Central,Texas,Austin
AS-10285,Alejandro Savely,Corporate,Central,Texas,Dallas
CC-12370,Christopher Conant,Consumer,East,Pennsylvania,Philadelphia
RW-19690,Robert Waldorf,Consumer,South,North Carolina,Wilmington
SC-20230,Scot Coram,Corporate,East,Massachusetts,Lowell
LP-17095,Liz Preis,Consumer,East,Ohio,Fairfield
RS-19870,Roy Skaria,Home Office,East,Pennsylvania,Philadelphia
DV-13045,Darrin Van Huff,Corporate,West,California,Los Angeles
JS-15685,Jim Sink,Corporate,East,Pennsylvania,Philadelphia
TB-21055,Ted Butterfield,Consumer,East,New York,Troy
LD-16855,Lela Donovan,Corporate,Central,Illinois,Chicago
PF-19225,Phillip Flathmann,Consumer,South,Georgia,Atlanta
AR-10570,Anemone Ratner,Consumer,South,Georgia,Columbus
LB-16735,Larry Blacks,Consumer,West,California,Los Angeles
AG-10330,Alex Grayson,Consumer,Central,Oklahoma,Tulsa
ML-17755,Max Ludwig,Home Office,South,Virginia,Suffolk
AO-10810,Anthony O'Donnell,Corporate,West,California,Los Angeles
MH-18115,Mick Hernandez,Home Office,Central,Texas,Pharr
CM-12160,Charles McCrossin,Consumer,East,Maryland,Baltimore
SC-20845,Sung Chung,Consumer,Central,Illinois,Arlington Heights
AS-10135,Adrian Shami,Home Office,West,Washington,Auburn
RR-19315,Ralph Ritter,Consumer,West,California,San Francisco
NS-18505,Neola Schneider,Consumer,Central,Texas,Dallas
CD-11980,Carol Darley,Consumer,West,Oregon,Medford
SK-19990,Sally Knutson,Consumer,East,Connecticut,Fairfield
JE-16165,Justin Ellison,Corporate,Central,Wisconsin,Franklin
CJ-11875,Carl Jackson,Corporate,East,Pennsylvania,Philadelphia
RM-19750,Roland Murray,Consumer,East,New York,New York City
ML-18040,Michelle Lonsdale,Corporate,Central,Michigan,Dearborn
TM-21490,Tony Molinari,Consumer,Central,Oklahoma,Oklahoma City
MG-18205,Mitch Gastineau,Corporate,South,Florida,Jacksonville
CC-12550,Clay Cheatham,Consumer,West,California,San Francisco
CS-12460,Chuck Sachs,Consumer,South,Georgia,Columbus
JC-15385,Jenna Caffey,Consumer,West,Washington,Kent
TC-21145,Theresa Coyne,Corporate,East,New Jersey,Lakewood
PH-18790,Patricia Hirasaki,Home Office,South,Florida,Lakeland
JR-15700,Jocasta Rupert,Consumer,South,Florida,Jacksonville
CD-12280,Christina DeMoss,Consumer,East,New York,New York City
